Experiment Name,MoTrPAC PASS1A,,,
Date,10/15/19,,,
Description,NovaSeq gastroc,,,
,,,,
[Reads],,,,
99,,,,
99,,,,
,,,,
[Settings],,,,
,,,,
[Data],,,,
Lane,Sample_ID,Sample_Name,index,index2
1,90045015504,90045015504,GGACTCCT,GCGATCTA
1,90025015504,90025015504,CGTACTAG,AGGCTTAG
1,90005015504,90005015504,TAAGGCGA,ATAGAGAG
1,90033015504,90033015504,AGGCAGAA,TACTCCTT
1,90009015504,90009015504,TAAGGCGA,CTCCTTAC
1,90044015504,90044015504,TCCTGAGC,AGGCTTAG
1,90001015504,90001015504,TAAGGCGA,GCGATCTA
1,90046015504,90046015504,GGACTCCT,ATAGAGAG
1,90047015504,90047015504,GGACTCCT,AGAGGATA
1,90018015504,90018015504,CGTACTAG,CTCCTTAC
1,90028015504,90028015504,AGGCAGAA,AGAGGATA
1,90032015504,90032015504,AGGCAGAA,TATGCAGT
1,90011015504,90011015504,TAAGGCGA,TACTCCTT
1,90042015504,90042015504,TCCTGAGC,TATGCAGT
1,90020015504,90020015504,CGTACTAG,TATGCAGT
1,90031015504,90031015504,AGGCAGAA,CTCCTTAC
1,90013015504,90013015504,CGTACTAG,GCGATCTA
1,90041015504,90041015504,TCCTGAGC,CTCCTTAC
1,90023015504,90023015504,CGTACTAG,TACTCCTT
1,90010015504,90010015504,TAAGGCGA,TATGCAGT
2,90045015504,90045015504,GGACTCCT,GCGATCTA
2,90025015504,90025015504,CGTACTAG,AGGCTTAG
2,90005015504,90005015504,TAAGGCGA,ATAGAGAG
2,90033015504,90033015504,AGGCAGAA,TACTCCTT
2,90009015504,90009015504,TAAGGCGA,CTCCTTAC
2,90044015504,90044015504,TCCTGAGC,AGGCTTAG
2,90001015504,90001015504,TAAGGCGA,GCGATCTA
2,90046015504,90046015504,GGACTCCT,ATAGAGAG
2,90047015504,90047015504,GGACTCCT,AGAGGATA
2,90018015504,90018015504,CGTACTAG,CTCCTTAC
2,90028015504,90028015504,AGGCAGAA,AGAGGATA
2,90032015504,90032015504,AGGCAGAA,TATGCAGT
2,90011015504,90011015504,TAAGGCGA,TACTCCTT
2,90042015504,90042015504,TCCTGAGC,TATGCAGT
2,90020015504,90020015504,CGTACTAG,TATGCAGT
2,90031015504,90031015504,AGGCAGAA,CTCCTTAC
2,90013015504,90013015504,CGTACTAG,GCGATCTA
2,90041015504,90041015504,TCCTGAGC,CTCCTTAC
2,90023015504,90023015504,CGTACTAG,TACTCCTT
2,90010015504,90010015504,TAAGGCGA,TATGCAGT